firm_id,sales,capital,patents,randd,employment,sp500,tobinq,value,institutions
0,826.9950503,161.603986,10,382.0782471,2.30600001,no,11.04951096,1625.453755,80.27
1,407.7539734,122.1010122,2,0,1.860000024,no,0.844187319,243.1170824,59.02
2,8407.845588,6221.144614,138,3296.700439,49.65900477,yes,5.205256939,25865.2338,47.7
3,451.0000099,266.8999871,1,83.54016113,3.071000232,no,0.305221409,63.02462988,26.88
4,174.9279809,140.1240037,2,14.23363686,1.94700004,no,1.063299775,67.40640812,49.46
5,75.81200118,31.86500144,1,34.12622833,0.699999982,no,1.472816586,43.40825679,25.42
6,52.33899719,19.66799979,0,1.620797157,0.570999986,no,0.458280861,15.08469996,36.7
7,87.16800371,30.6710027,2,0,0.441000007,no,0.319114089,13.25161352,25.37
8,295.2889669,120.0069878,5,169.1622314,1.493999977,no,3.251123667,364.5793074,33.04
9,156.9460325,17.26899944,2,46.0863533,0.637000027,no,6.781051636,198.2425293,36.28
10,372.2450322,72.11400792,4,100.5306015,1.581999999,no,10.42197037,1007.745641,69.74
11,366.1179437,146.5279906,16,146.5344238,2.461999872,no,9.084823608,1074.909674,71.51
12,6.15500022,10.91100007,1,19.3158474,0.050999995,no,11.07586002,92.05845394,11.05
13,1648.27966,1998.363407,127,1220.788696,12.05999952,yes,1.627812147,1744.747291,65.07
14,26.30999643,5.07199986,2,9.321928978,0.215000002,no,,15.925752,24.99
15,3327.700653,5952.800214,90,433.6931458,14.07499924,yes,1.199017406,4761.445328,72.16
16,8505.575536,8356.835884,47,2553.186035,60.69999889,no,0.978411734,5551.848717,10.41
17,555.0869114,491.1849494,8,91.6727066,5.286000081,no,1.232232809,607.6753582,46.07
18,50.85499985,25.52899836,0,1.514024138,0.97299999,no,0.745254278,20.28731267,21
19,1147.989906,221.3559783,2,1.125408649,8.600000377,yes,1.681125641,682.3659524,23.15
20,7231.997259,11091.99714,1,665.430603,43.90000669,yes,0.632254958,5582.461792,32.24
21,1100.186885,613.1079089,3,51.48576355,6.100000253,no,1.950114846,1803.249236,43.06
22,26.47800156,15.92799998,0,3.829101563,0.449999976,no,,44.3545734,42.66
23,858.8999372,441.000076,64,461.8908691,4.748999887,yes,2.917990208,1539.215087,75.85
24,2.369999836,13.02799838,6,55.81287766,0.180999987,no,5.59825325,179.2949254,22.16
25,775.3289654,219.0499683,9,173.5439758,4.899999909,no,0.994970858,250.541939,64.55
26,217.9879847,74.97300995,0,0,1.499999982,no,1.343797684,144.1430374,12.02
27,140.2790364,41.23499939,24,61.65231705,0.527000002,no,15.41674042,710.6535201,55.33
28,219.8309808,278.4829568,38,96.96342468,1.077999949,yes,5.67764473,2508.660334,65.35
29,222.6429914,134.6210018,1,0,1.899999967,no,1.452630639,165.933886,57.59
30,1680.531813,1481.276033,5,1544.079834,5.551999746,yes,0.679516315,730.9684985,25.94
31,5851.586151,13787.24142,1,0,10.17300045,yes,0.812917233,6677.624577,65.81
32,103.9609959,43.1929983,1,0.072873726,0.550000016,no,1.72996366,86.06689606,17.11
33,4276.80263,3105.999881,143,2565.954834,26.54999629,yes,1.323644638,4799.796738,62.71
34,14173.00572,3417.000773,2,0,64.49300931,yes,0.427734405,16294.10732,69.6
35,130.9200174,47.20800495,1,20.03654671,1.200000044,no,2.590512753,102.3711941,21.02
36,1769.963964,793.9651934,4,0,36.60000231,yes,3.072871923,2196.799889,76.43
37,538.5340815,468.0170534,4,18.09447479,1.985999942,no,0.394589633,169.858365,49.71
38,50.85800688,23.43799973,1,1.159340262,0.615999988,no,,48.77992472,15.96
39,11.18200118,8.923000329,1,6.957602024,0.119999995,no,,17.09429258,10.76
40,453.3568975,262.1069865,4,21.4039917,2.868000147,no,0.663071573,151.3308209,32.91
41,1373.842163,730.6611395,7,587.0517578,3.065,yes,8.971887589,7063.976424,47.34
42,25335.99193,44573.00009,69,1627.463013,46.31699988,yes,1.152203798,27908.02443,53.2
43,3450.58604,2954.936366,1,1399.246094,26.8999971,yes,3.885573387,7041.216067,75.97
44,15701.00418,19650.99656,1,0,118.8999808,yes,0.702771783,12050.74855,81.74
45,666.3190361,591.9568945,44,409.0053711,5.300000141,no,,1163.897196,58.5
46,173.5569975,118.4890235,2,119.9570007,1.059999941,no,1.991552114,198.7742127,40.81
47,430.8200637,207.5110464,8,105.5146027,2.923999904,yes,3.304414988,687.5230524,42.72
48,39.72400147,16.71000055,1,12.2294054,0.154000005,no,4.86136961,78.26352615,50.27
49,0.137999992,1.511999964,22,9.393099785,0.045999996,no,18.81642723,36.2928129,6.11
50,11505.29967,11727.09806,0,0.571119964,43.34500638,yes,1.526932478,15263.00635,53.92
51,7976.95515,1412.657146,140,2406.392578,14.93799855,yes,1.253064036,2886.727592,59.16
52,335.8980687,271.4319885,6,132.4938812,7.259000211,no,1.177538395,214.170446,65.7
53,9811.363929,6001.674638,2,59.95998764,14.16800079,yes,1.34900713,7961.777595,48.91
54,3192.000911,3257.000672,0,304.9016418,4.50000017,no,1.555207968,4431.692424,7.99
55,16.17400082,8.935999749,1,0.547690809,0.166999987,no,1.012464762,4.577404395,7.87
56,1664.00028,983.0001418,8,160.921051,6.599999564,yes,0.706876934,875.7708962,59.84
57,2535.583613,94.55700867,0,0,4.599999936,no,1.856215835,1388.885737,55.29
58,1939.40046,838.999941,6,1.710443854,15.864,no,0.989974737,751.7788855,55.96
59,1736.35807,2497.605351,2,10.62026215,8.499999859,yes,0.460764855,1313.171624,49.85
60,172.8009955,43.72099646,13,16.28058052,1.184999951,no,,160.1273153,15.04
61,1412.150011,134.4220245,21,114.8540955,4.508999922,no,1.027183056,499.461273,37.68
62,32.26800018,14.41600108,0,10.02793121,0.249999999,no,6.317705154,303.1794733,23.31
63,17188.99531,31494.00623,114,723.7260132,25.100003,yes,1.116378069,20594.77462,58.23
64,420.2629892,203.9700434,10,101.1519394,4.30000018,no,1.626853347,369.0015829,82.49
65,2608.699732,1412.700258,1,225.3953552,15.75000161,yes,1.526164055,1755.149395,56.81
66,2237.954134,262.3659527,2,0.037015349,6.50000022,no,1.904964685,1288.724727,81.43
67,4007.600766,1070.499991,1,196.5302887,29.79999906,yes,3.501611948,3727.647724,76.76
68,141.4750201,78.80498538,0,36.78580093,1.299999966,no,0.547583282,63.55414281,35.53
69,84.49700414,50.64800371,5,20.39323425,0.84299999,no,0.877755523,34.63091005,19.75
70,2701.696451,1530.88968,70,231.4133759,18.39999982,yes,2.319615602,3513.351535,75.77
71,356.5950208,153.3829911,1,52.70487976,3.101999976,no,3.207859755,455.7532661,34.88
72,130.0710209,26.7859964,0,3.516067743,1.600000009,no,0.776171565,54.4663279,29.66
73,215.759033,23.84600157,2,27.10000992,1.062000037,no,0.584301114,69.27884754,47.02
74,66.54299766,20.17100135,2,4.630373001,0.633000012,no,12.48615932,468.5583251,35.96
75,2440.900386,1449.299729,18,84.80334473,13.95400087,yes,0.64105314,957.8756428,63.65
76,32.36999713,30.39399721,0,1.982660294,1.105000016,no,0.672876894,18.77852157,19.51
77,247.5380369,105.5090056,0,49.85485077,2.437999953,no,1.289500237,254.1804512,64.83
78,590.1990102,320.1419515,1,59.45989609,2.334000136,no,5.791117191,1598.680773,23.08
79,970.79995,260.8999452,30,248.7273254,8.450000319,yes,2.582906246,1398.712697,59.57
80,502.2919567,256.6059445,1,6.022067547,4.357000044,no,1.125729799,209.0996866,59.09
81,101.1720206,33.47900007,2,15.64420509,2.400000128,no,1.856263161,61.86034598,17.33
82,21.82899904,14.61099922,2,11.37537003,0.175000005,no,7.944807053,51.88470067,0.43
83,1872.184271,939.3988187,29,251.9189301,15.89999884,yes,2.339337826,3221.512347,69.97
84,8878.998211,4491.00168,84,1480.988037,60.4000143,yes,1.27266407,7166.512241,61.5
85,2465.405369,2363.855473,95,608.9527588,18.99999915,yes,1.290548921,3003.183493,75.74
86,146.7189998,48.94999584,5,24.65246201,1.340999962,no,0.76713562,58.09742782,38.14
87,47.45999393,33.88800229,1,0.545712531,0.754000002,no,1.496966004,44.59274521,28.49
88,1203.493913,676.6310073,4,81.03224182,7.565000328,yes,2.106988192,1286.164758,43.26
89,4323.400661,6741.29697,7,194.9666901,20.7000005,yes,0.452647597,1995.619053,78.97
90,684.872045,554.6231106,60,125.6694641,4.114999686,no,3.614063501,1317.582235,65.69
91,439.3109437,278.2449643,6,20.57351112,2.50000007,no,3.357910872,773.4099838,14.65
92,136.4180135,64.11099775,6,256.6747131,0.380000005,no,20,1369.460004,65.65
93,373.2950043,83.45999605,3,69.51111603,1.854999999,yes,7.697159767,1186.227251,36.9
94,328.5530243,143.065984,5,130.3551178,2.349999928,no,0.51185137,85.3917025,2.64
95,42.02900302,5.541999606,3,13.05102444,0.191000007,no,2.279369593,36.45336643,10.88
96,4882.198856,1617.600334,39,417.4588013,37.29999835,yes,1.709252596,2771.365431,61.67
97,129.5849911,71.59800013,0,5.649730206,0.629999989,no,2.241836786,125.0508644,22.87
98,613.2830532,289.4139811,7,91.08283234,3.491000012,no,1.06238699,670.1765463,23.43
99,487.3120912,276.1159812,3,43.7040062,4.699999865,no,1.428740263,395.5110923,0.51
100,25437.99241,14346.99423,91,6821.783203,122.9999973,yes,1.303842425,15827.89172,39.19
101,5506.301346,2664.399376,35,173.1670074,39.50000364,yes,1.015982747,2939.200171,51.27
102,380.0610645,103.1179826,26,63.89041138,2.349000034,no,8.694199562,1300.400794,25.23
103,242.9700152,114.7460104,0,46.15285492,1.79999991,no,,269.2884833,36.62
104,98.72399937,97.62399875,2,0,0.90100002,no,2.555750132,130.3161793,41.42
105,1139.461979,658.1201492,10,55.13742065,7.949999407,yes,2.584497452,1016.951635,69.47
106,11412.99978,5236.00187,144,4384.785156,49.50000501,yes,5.895319462,31705.31758,47.9
107,111.3419871,62.8440033,9,92.99511719,0.566999961,no,3.962448597,313.8143937,52.96
108,3494.868195,4258.069628,0,0,28.39999745,yes,1.319376588,4508.957354,63.49
109,2206.80017,1139.300076,43,335.791687,18.00000075,yes,1.290162563,1823.120865,59.24
110,295.4779874,337.342041,2,40.24787903,1.802999937,no,1.104941487,243.7455235,52.82
111,168.5770253,101.0489805,4,95.68621063,1.499999982,no,0.720361292,65.89868309,39.17
112,170.2850135,55.43600127,0,1.058373213,1.700000022,no,2.939618349,153.9996164,24.54
113,575.8470651,184.8710167,2,17.40182877,3.063999762,no,1.300741434,136.188713,38.4
114,1614.314716,1250.227863,7,224.0246277,5.400000159,no,0.954412401,1112.025523,59.72
115,27.23700147,26.56100013,10,35.28302765,0.373000004,no,9.020562172,366.6389075,23.6
116,269.4239865,283.3019988,7,29.70147705,1.32000007,no,2.184816122,566.0212547,42.24
117,6586.202693,3584.898483,4,309.8309937,46.91999818,yes,2.424480915,9601.108748,24.67
118,33.15800357,3.532000077,2,17.36541748,0.170000007,no,2.303174734,17.97256016,29.71
119,5673.65078,2070.013014,0,0,19.24999783,yes,2.841583967,10132.76808,78.51
120,611.270017,318.7939483,0,63.89989471,4.43999988,no,,541.2810456,54.14
121,576.2480992,699.2689811,0,73.46890259,3.338000105,no,0.950910985,466.7048835,64.69
122,21.18400169,11.31299918,3,17.99549103,0.201000005,no,9.398681641,95.57686582,19.66
123,667.9238917,279.0400404,5,253.0202789,4.060000144,no,,1028.687964,36.23
124,141.325,103.4499741,1,13.69530296,0.838000003,no,1.936085582,134.0844634,36.33
125,11615.00485,7964.997654,152,1576.632568,51.24999922,yes,1.081311822,9639.366669,65.85
126,1670.263688,1726.572764,11,52.81416321,13.92000159,no,0.941803336,1462.34835,65.29
127,55.98501237,15.27000062,0,15.49077988,0.524999964,no,3.771205187,70.76956094,42.03
128,26.31999716,8.767000754,6,9.660260201,0.175999996,no,3.706905365,40.12805555,54.21
129,75.93001417,143.2160083,0,261.8200684,0.499999999,no,5.029331684,670.5530997,23.95
130,82.4810106,19.61000015,1,10.87608433,0.529999966,no,1.736700058,68.44949358,72.03
131,15.9870011,22.64199863,1,1.558110952,0.210000005,no,1.177177906,18.21924072,17.63
132,5068.831868,10306.30312,3,0,25.3000012,yes,0.713020921,6148.707131,71.72
133,93.0340154,47.75900069,3,17.83110619,1.366000077,no,1.983702421,119.065705,41.43
134,275.2689824,235.9470254,0,44.59747696,3.24800003,no,0.86196512,121.4197973,25.7
135,885.0001262,1199.299931,3,0,4.83300036,no,0.979066789,795.3380181,53.06
136,97.87401658,51.29599977,6,160.7487183,0.283000006,no,3.303990364,64.09216909,24.08
137,239.7960524,259.0790423,32,413.7825623,2.178999863,no,4.807477474,2918.552964,49.74
138,42259.99063,19353.9944,117,5427.736816,128.0000017,yes,0.864684403,20030.01816,64.8
139,5363.616575,1638.160946,0,0,10.50000088,yes,0.520574033,7262.539281,71.49
140,507.6509095,196.4429666,62,69.8780899,1.095999953,no,2.754850626,603.1243843,42.28
141,18401.99334,1791.999719,1,0,50.62400345,yes,0.119000919,4804.884972,78.78
142,73.87999398,47.92800336,1,0,0.639999985,no,0.479691982,19.80352339,39.01
143,87.30098817,34.43899773,1,28.75071907,0.75599998,no,1.896575689,95.22912769,32.06
144,544.0770442,118.3010279,37,256.699707,1.809000011,no,6.528154373,993.4498724,58.6
145,649.035072,72.21001049,1,85.49829102,1.450999996,yes,20,6823.422221,84.91
146,225.3190021,112.2539999,3,10.9231596,2.061999996,no,2.927800894,307.2561108,50.91
147,874.916903,487.3239422,3,153.2857056,5.948000229,yes,2.106251955,969.1020811,61.1
148,1641.531887,814.2528829,11,218.0577545,4.699999865,yes,2.431149483,3039.966644,43.96
149,100.5640205,42.65800028,3,27.87711143,0.899999973,no,2.699094534,155.022465,16.92
150,13957.00006,5596.000764,22,3.570726156,33.99999956,yes,7.767485619,61562.44076,0
151,50.1110027,7.517999878,1,1.972601533,0.402000011,no,1.998331904,30.57131966,10.6
152,43.37099448,7.085000314,1,23.00198174,0.175000005,no,20,266.4911345,54.17
153,16.41700081,3.989000229,0,8.226273537,0.082000008,no,1.329061985,13.90125644,17.64
154,196.8829644,72.58200913,14,117.1367188,1.217000014,no,1.77542603,150.1984123,52.26
155,7141.303137,2820.199517,60,624.8693237,28.00000196,yes,2.314482212,9924.944095,60.55
156,49.74299501,29.54600144,6,46.53734207,0.316000001,no,9.781534195,235.6538985,37.45
157,1334.829004,657.237036,4,160.3711853,10.00000032,no,3.720753193,2106.389166,90.15
158,3391.185554,7538.534,0,0,10.21100015,yes,0.254038841,1202.839878,55.87
159,8.15000003,1.202000026,1,11.12023067,0.022999998,no,17.20854378,141.3477119,10.18
160,741.2008186,1892.005229,1,13.5920248,5.253999877,no,0.945667267,1527.983452,9.05
161,448.5770816,235.7150349,1,35.74055862,3.720000056,no,1.087794304,225.2008486,45.08
162,1568.505737,327.1660169,0,0,3.903999957,no,1.515063405,443.9742407,48.54
163,5260.436685,28172.01007,0,0,19.05499975,yes,0.660753787,13565.81603,52.52
164,7191.00106,1381.999998,89,711.8258667,10.54100123,yes,3.276130676,6625.488287,64.64
165,141.3270217,30.69900055,0,32.32121658,0.433999986,no,3.840141058,180.6336122,45.06
166,23512.18881,4150.401161,2,0.040503345,87.30898118,yes,0.899013162,7965.225538,31.15
167,53.64099635,26.59800214,5,6.436504364,0.698000004,no,1.705051661,45.32534539,37.44
168,2151.672531,431.6401021,27,349.1116028,9.19999989,no,1.65142107,786.3067271,73.47
169,947.336069,1904.022356,0,33.34237289,4.945999996,no,1.407539964,2024.058081,25.47
170,451.8349746,194.9920436,7,213.0387573,3.142000039,no,1.06474793,146.4025579,0
171,193.1190074,123.2310056,5,127.5455246,1.006000042,no,1.374829769,149.2595535,41.95
172,92.65200151,48.29400414,0,75.4467392,0.970000028,no,0.319199681,24.18953254,26.04
173,1193.647768,807.2150909,0,68.90018463,7.607000539,yes,3.151468992,2221.768944,69.69
174,255.457976,110.8980168,31,104.216774,2.650000066,no,4.979274273,485.602541,70.31
175,207.0460134,70.19100903,2,0.031731512,2.650000066,no,1.481017232,144.5492695,33.57
176,4034.70168,3361.799343,94,773.6900024,39.20000417,yes,1.571544766,6272.38374,53.62
177,1310.20506,421.7079252,1,95.14784241,8.699999129,yes,1.882126093,785.8771629,54.91
178,0.351999992,77.51799635,0,244.6888275,0.382999991,no,3.753376961,100.4583404,10.93
179,894.8568498,786.7170188,29,685.9505615,4.959999995,yes,0.823203385,707.8623547,71.12
180,164.6059977,77.49301308,0,7.551896095,1.299999966,no,4.707544327,272.284838,58.21
181,1451.182762,676.4048725,1,0,3.030999885,no,0.282817274,147.6795477,16.44
182,8939.996203,15852.99892,0,0,47.06300141,yes,0.900945127,11056.70123,58.87
183,236.9789515,182.4079932,6,36.78162003,3.974999696,no,1.132561803,108.2117697,45.23
184,221.4369505,127.1339871,2,25.3311367,1.950000042,no,1.797815561,132.6575678,23.6
185,1229.547897,180.1649695,5,0.595050156,4.050000184,no,0.225441113,77.29804373,31.77
186,4247.901333,2180.499516,34,648.5968018,23.60000152,yes,1.454286218,2319.617148,53.69
187,158.8639979,208.7910239,1,15.28401184,1.565000073,no,1.949558496,193.7246861,74.24
188,304.5119779,309.4560486,12,248.2897491,1.26199997,no,3.020638466,524.4344891,38.88
189,10.35400103,13.37700053,2,68.56536102,0.12700001,no,14.11553669,136.3992156,16.44
190,156.8689686,119.4900004,12,72.37934875,0.748000034,no,3.181081533,417.9356338,64.46
191,5587.500427,2529.299462,39,498.3786621,36.00000157,yes,1.251051188,3132.25382,69.95
192,1073.639796,358.2999714,0,76.79478455,7.842000899,no,1.592368603,1153.248784,32.64
193,180.2490085,114.6720047,0,20.97214317,1.499999982,no,1.591559887,193.402565,45.23
194,1077.869144,659.4388688,4,744.5686035,6.50000022,yes,1.263348699,384.3605334,68.8
195,63.18600761,31.89599793,0,49.29756927,0.444999999,no,0.792926967,18.78596406,34.73
196,23.98400139,5.289999834,2,6.340359688,0.175000005,no,3.868939161,24.85940355,0.7
197,165.9999672,56.21699709,2,59.15851593,1.100000026,no,3.924165487,255.6807451,36.66
198,65.63600944,18.99700056,2,4.960340023,0.346000005,no,0.880900264,25.67706235,37.17
199,33.29800401,21.37400094,3,2.788007021,0.31099998,no,0.6826545,16.0565344,7.04
200,2431.203362,906.4111988,0,0,12.10000115,no,1.235312581,1152.857313,33.55
201,7653.503359,4018.69975,72,1578.910034,33.06999813,yes,1.98194468,7022.968165,76.66
202,22.28700265,7.744999247,2,4.53041935,0.275999985,no,1.146167874,21.92794562,9.21
203,166.4959793,37.49900158,0,16.76103401,1.08000004,no,0.679759145,49.57419896,15.61
204,105.0520206,49.96100112,1,14.53081989,0.388000005,no,0.602842271,19.53026033,24.68
205,887.1118023,555.9120211,7,218.1521149,4.699999865,no,1.158078432,608.1835237,75.54
206,106.7909988,60.89498886,1,49.94976425,0.893000004,no,2.64709568,259.1086932,23.31
207,623.2769003,146.3999749,2,100.4191132,4.201999923,no,3.830518007,1292.39181,75.77
208,93.38500313,10.55600044,0,14.95215893,0.332999986,no,15.32466888,320.3470336,45.02
209,14371.36952,7193.429157,206,7814.445313,94.19999889,yes,1.142460227,5992.535223,64.31
210,105.5560062,36.71599881,3,37.03214264,0.633000012,no,7.190689564,286.7591798,71.22
211,8529.196659,8875.50175,25,0,61.99999616,yes,2.135393143,21494.25813,43.3
212,1484.658961,2681.891405,3,40.47135925,9.82100059,no,0.883513808,1565.652769,10
213,533.3270031,233.8470084,17,49.74743271,4.256000231,no,3.619238615,538.4665492,55.5
214,4387.76272,3361.254357,11,0,33.99999956,yes,1.989796638,5101.775926,68.9
215,300.9269953,113.2370181,15,67.45726776,2.635999956,no,1.89721036,163.4968381,27.99
216,424.8429901,142.7510221,5,0,5.696999824,no,0.899250865,79.77654553,34.99
217,2483.927946,714.6371702,7,307.5075684,20.44499976,yes,3.093086958,3692.390326,59.05
218,18086.00364,21607.99682,301,5779.38916,55.43600127,yes,0.835552394,16579.75438,52.55
219,277.5900438,311.8220256,5,13.05038834,1.415999989,no,1.036211729,196.9474713,59
220,4216.001703,1736.599851,20,252.6970215,25.92600194,yes,1.296968937,3109.313288,66.57
221,730.7740319,380.4799301,10,398.5029297,4.040999747,yes,9.152279854,3597.707721,71.12
222,32732.0051,47925.99687,449,7417.180664,113.9999974,yes,1.193119287,35013.78646,40.2
223,1742.200026,464.300078,6,91.62968445,7.699998916,no,7.285538673,3787.284984,38.89
224,105.7380161,29.68299893,1,0,0.582000018,no,4.794205189,119.6398305,35.68
225,101.1019967,38.37200427,2,7.417954445,1.187999966,no,1.143577218,25.08481344,28.9
226,59.7170023,22.41999968,4,3.515627146,0.476000009,no,1.357457161,35.10087674,38.03
227,16363.99703,13311.00577,824,7494.68457,110.4000013,yes,1.455183744,19770.92639,60.1
228,4401.001477,2486.000377,186,789.2890625,37.99999837,yes,1.844698787,3828.699163,61.97
229,54.43500221,45.04799734,10,4.670710087,0.767000025,no,0.30778107,15.60358069,18.48
230,1944.462818,671.7410429,10,67.35179138,18.59999862,yes,1.816111207,1751.620306,76.37
231,1041.517802,478.8209066,28,98.56495667,7.586000305,yes,2.426009893,1509.825493,48.84
232,104.138021,92.38901896,3,26.89461517,1.051,no,0.56752497,38.62351486,24.01
233,199.1789682,143.6040145,5,8.497670174,1.832999932,no,0.697755277,76.77916566,25.58
234,8.154999246,4.770000164,1,6.739570618,0.131999999,no,4.130990028,15.12297895,3.13
235,72.55000212,32.97599891,2,52.05712891,0.60000003,no,1.944929838,71.68716254,35.94
236,8173.797799,3586.601463,83,1259.641724,71.60001446,yes,2.366571665,14070.24966,64.35
237,41.35400037,26.60700219,0,2.745565891,0.685000008,no,7.254657745,112.6200771,13.96
238,107.1700196,39.81100194,1,77.59738922,0.519999987,no,1.992137194,78.93443212,48.33
239,12.3980005,21.99899962,3,28.64396667,0.173000002,no,18.51006126,87.05041275,10.58
240,2148.865183,1171.046236,16,236.1146851,5.750000072,yes,2.896468639,2486.667857,50.54
241,7972.483243,10886.86099,0,0,7.100000181,yes,1.052276373,8523.277107,54.72
242,164.1350248,402.5080096,2,0,1.549999941,no,2.154387951,358.0402016,85.42
243,72.56699003,12.28299939,0,1.948652148,0.25600001,no,1.603524327,23.60898904,32.32
244,13.55899845,6.70599981,1,0.753614783,0.126000002,no,2.226478577,11.92677073,0.7
245,8.413999108,16.92900003,5,43.11062241,0.243999995,no,8.0102911,121.6675035,23.47
246,15.2069984,10.23199974,0,0.867021203,0.194000002,no,1.46325314,19.75141917,18.85
247,104.4660236,60.18998921,3,12.24130535,0.717999996,no,1.558323979,60.78112524,40.69
248,2097.113883,498.4539137,24,259.9805298,16.70299819,yes,3.213907957,1562.76326,56.14
249,310.2950304,52.82999743,6,105.839447,1.042000057,no,5.725821018,396.824376,49.31
250,161.6590153,42.33499512,6,53.88209152,0.351999992,no,4.381317616,144.075008,48.07
251,515.6811477,103.5190081,0,23.33504486,3.42700013,no,2.235650063,206.6115763,48.15
252,94.12299591,35.74699901,2,30.4979248,0.898999992,no,1.061801672,47.78895693,8.78
253,112.36298,53.15800725,0,14.31139088,1.236999992,no,0.613133788,24.44153202,31.61
254,158.6020356,58.03598735,0,12.1623497,1.100000026,yes,1.830457091,115.599387,17.37
255,1575.500144,616.5000707,8,67.20406342,14.40000022,no,1.02825737,1007.605336,56.09
256,565.1630842,134.9969866,6,26.43766403,4.426000067,no,5.04346323,1021.34916,49.18
257,1065.748032,538.1880357,20,87.38864136,6.626999539,no,2.126737833,1019.44378,69.64
258,33.27699647,15.64500029,2,11.95678806,0.205999989,no,4.262656212,76.99609978,18.5
259,1000.106913,572.4268686,0,7.850534916,14.09000068,no,0.416402936,224.6671386,48.32
260,1041.857058,321.941917,2,52.27473831,3.750000173,no,1.494116187,681.7694711,74.54
261,221.6440024,105.7780066,0,69.04891968,2.111999997,no,1.126877785,95.71081219,39.98
262,2369.374916,345.5769436,0,76.37545013,16.00000012,yes,1.825875878,1020.921648,62.79
263,177.2709829,55.69799729,0,7.769489288,2.11999987,no,,116.4457833,46.53
264,88.63198339,39.81199858,3,23.30467033,0.55199997,no,1.798790216,84.09557141,31.81
265,357.9039875,148.6879966,13,141.789978,2.582999919,no,1.59413743,236.2164115,33.69
266,3753.932924,3498.392916,72,875.1778564,20.69599838,yes,0.98312062,1812.918354,61.4
267,16.80199984,14.1999987,5,19.13567162,0.167999999,no,1.389506936,41.70488376,4.19
268,108447.9498,43749.99913,411,20950.04102,322.212983,yes,0.808315396,34222.07369,57.1
269,351.6410169,73.71499101,1,81.22460175,1.258999946,no,6.474777222,1991.692873,69.73
270,206.4059688,80.87299514,1,15.90149975,2.000000004,no,3.660191298,235.1966656,41.02
271,1610.58106,4210.573245,3,0,7.658000099,no,1.136832833,3904.98802,57.88
272,27.46399808,30.78600265,0,1.377598524,0.358999997,no,0.986924171,22.55102664,46.8
273,205.9600089,45.74399437,2,8.24454689,1.100000026,no,1.820000887,136.1716998,1.83
274,975.2871247,419.6120032,7,95.06636047,6.00000013,no,1.293523669,491.6737655,52.35
275,285.1939947,101.0950066,3,23.35120964,2.016999923,no,1.510759354,153.6285679,53.75
276,62.815991,38.25799945,3,0,0.69300001,no,1.870232105,71.83919906,46.25
277,17.21300113,9.271999429,0,5.511342049,0.121000004,no,3.594199419,30.56919142,11.11
278,131.3229817,59.86699884,1,71.48950195,1.126999976,no,0.747828543,35.42942861,26.1
279,3641.619825,2794.609586,0,0,36.49999823,yes,2.80547595,9045.033002,64.42
280,1067.899838,3305.099618,0,0.345171005,5.499999682,no,0.332073569,857.1868394,74.16
281,733.4998804,887.3000607,0,0,4.30000018,no,0.865764081,630.666292,11.35
282,137.217983,49.24299576,1,9.401625633,0.945999981,no,0.839912415,39.52411047,13.19
283,86.2090113,62.18199206,3,22.49504662,0.827000023,no,1.06352222,45.21689259,19.65
284,43.64200265,18.69700003,0,4.143145084,0.47499999,no,0.543769777,13.88319851,4.96
285,1905.000425,1299.00017,37,281.9217224,13.29999986,no,0.605463624,477.6811239,46.04
286,608.1890338,623.6859839,46,978.727356,2.509999921,no,9.594283104,6165.524194,17.83
287,376.1379481,124.5989802,5,17.55581284,3.198999871,no,1.575621367,263.9435071,25.19
288,211.8470442,104.6249989,6,123.462677,1.820000073,no,,183.8425816,33.88
289,3187.000284,1157.999884,12,1300.654541,30.50000218,yes,2.801712751,3068.365065,52.63
290,59869.0029,38179.01121,864,7759.757324,222.0000342,yes,0.59250325,95191.59116,52.1
291,87.45202146,31.92799891,1,0.081865825,0.68000001,no,0.868897319,45.94629266,64.16
292,10.04999969,12.83499931,0,0.996301889,0.124999999,no,1.822162151,12.16919846,3.5
293,22.6720005,13.60599938,1,6.640307426,0.280000002,no,0.768081605,12.73698704,29.77
294,8516.898677,4689.799112,18,339.619751,125.6699684,yes,2.337224245,10246.13029,58.82
295,135696.7882,93625.20056,774,30425.25586,710.7999253,yes,0.559656024,42499.13324,41.8
296,572.859938,118.5630051,0,0.350263089,6.950000169,yes,0.470546842,115.1719907,52.21
297,102.0410103,138.6820278,16,270.9474182,0.925000014,no,10.77430916,1277.122438,15.51
298,158.704014,110.6389948,2,159.1321716,1.184000019,no,3.951987982,123.1412513,30.16
299,63.66400227,20.96100013,9,12.36414242,0.558000034,no,17.83679199,607.6336339,47.86
300,12329.99595,12366.99751,9,0,50.0000031,yes,0.970079124,10204.25738,62.14
301,1201.036815,415.4269924,0,1.634080648,8.976999278,yes,3.689440727,2259.144778,50.28
302,260.7340393,100.0660224,16,117.9008484,1.499999982,no,1.849124193,383.2026849,62.02
303,5410.800381,2575.900125,26,595.6941528,33.39999964,yes,4.395731449,14052.01242,69.81
304,21.06500021,7.424000518,0,3.452160597,0.237000004,no,2.038257122,18.35427502,33.87
305,473.5090531,918.0381267,1,0.728273392,3.018999945,no,1.137968898,871.0975192,69.21
306,103.8700206,146.5850157,4,37.48854828,1.049000026,no,1.049328685,83.03125554,33.07
307,130.9599771,72.67499595,0,0,1.398000016,no,3.548443556,94.66772011,10.54
308,1818.299852,1361.700159,39,429.4779358,13.41599893,yes,0.652751803,1218.483602,71.12
309,11643.39644,8563.697794,60,1892.816895,91.75400677,yes,1.12396872,7321.831914,72.61
310,131.534995,70.72600883,0,0.066055909,0.981999994,no,2.375187635,158.1304453,52.05
311,555.6920487,362.0650054,3,33.52830505,4.099999699,no,1.876338363,559.5024042,57.64
312,322.6019347,129.8759819,25,63.27807617,2.079999957,no,,296.7583884,71.82
313,61.26598765,34.15100443,0,1.42301333,0.615000001,no,0.469068855,12.51263435,24.41
314,1792.04159,830.7838651,11,191.7926331,6.99999963,yes,4.188338757,5655.456391,75.52
315,526.7650519,386.1730081,0,0,4.400000155,no,1.967844844,517.769826,26.49
316,365.4640331,84.95000056,1,25.62685585,2.000000004,no,2.893911839,287.3174746,29.57
317,3224.533808,1360.090175,33,120.7856293,17.89999928,yes,1.439125896,1430.037862,36.82
318,19747.99314,47258.98958,25,1438.732544,117.0000228,yes,1.34117949,44893.29641,48.6
319,654.4350065,417.8280325,11,47.33129501,4.53900015,no,1.058148384,323.5124981,48.1
320,100.3689945,61.38099373,2,26.10295105,0.899999973,no,3.685327768,175.6829842,6.74
321,6274.501658,3675.901614,131,610.9568481,64.69999867,yes,1.491159081,3867.068475,69.6
322,196.4380021,55.53399912,0,0,1.850000072,no,0.461470485,31.08594835,16.06
323,658.2529068,249.3839943,5,0,4.24599986,no,1.064305067,223.654908,64.56
324,1217.427768,343.7829995,2,75.90225983,6.00000013,no,4.687708378,1782.660615,66.99
325,664.9129969,204.046018,0,50.35904312,4.709999785,no,0.843308032,242.4908399,59.29
326,99.29501983,26.81900185,1,19.28248024,0.889999987,no,5.989958286,154.7534802,27.32
327,3099.09991,1692.593389,53,723.2792358,28.30000244,yes,0.936164856,1631.762691,75.38
328,1422.307728,1060.728825,0,35.87417221,14.1999987,no,1.106556535,1078.507681,48.86
329,731.9800013,208.9559592,0,0,11.20000047,yes,0.895279825,237.809147,32.95
330,2747.176022,412.9850005,9,437.0528259,12.50000073,yes,2.670776129,3383.948933,68.43
331,44.86900197,22.12099899,1,13.91957664,0.225000001,no,1.425764561,31.32624795,10.22
332,260.9020601,52.58699588,1,20.48287582,3.101000233,no,1.432927132,109.0347461,31.8
333,60.32799724,15.2580021,2,9.252642632,0.56599998,no,0.381754696,9.877838313,21.69
334,7046.737983,3442.940273,1,5.889829159,35.70000141,yes,1.751742363,8672.605117,52.98
335,1187.081105,292.6709718,8,88.67646027,3.499999808,no,0.801685274,270.5081479,43.98
336,63.86300157,21.98500001,4,15.83646011,0.340000014,no,3.312149286,70.93115013,34.64
337,2773.403918,3270.297075,28,479.6091614,14.0830016,yes,2.372733593,4928.286211,74.65
338,3488.248535,2041.764438,0,109.908165,15.89999884,yes,1.797867179,4564.683896,28.05
339,20317.00085,7526.996812,448,7393.779785,96.19997889,yes,2.19048667,19783.31802,55.33
340,1447.912705,787.2311229,30,119.7432251,9.800001005,no,1.990402102,3154.018787,34.93
341,71846.6398,56290.66095,900,19080.64844,330.6370007,no,0.787149847,31011.82881,0.63
342,5962.999215,2549.39957,200,2039.375,52.30000365,yes,2.144557714,4791.048073,71.24
343,832.4231587,336.6669562,40,28.17285728,5.885000446,no,2.578727722,1798.949929,61.65
344,757.8630533,170.7190017,3,1.598001361,5.854000355,no,1.48588109,288.6465977,49.69
345,59.07598639,32.92800436,0,6.133422375,0.505000004,no,1.095572352,40.83193721,3.81
346,11.92600015,3.678999775,1,6.615505695,0.211999993,no,15.92321873,37.04454492,1.39
347,51.99699569,20.47499973,2,8.223649979,0.421999988,no,2.128770351,57.70718995,33.38
348,3159.181568,1205.878984,61,190.3199615,18.99999915,yes,2.854329348,4692.080662,68.92
349,29.58000277,4.34499988,1,2.148592234,0.165000003,no,2.527104139,40.89360687,23.8
350,0.158999997,15.85500074,0,56.25209045,0.182000001,no,6.253986359,72.56169602,37.25
351,641.7088481,348.7549897,3,73.58184052,6.50000022,no,0.658293605,270.0700716,50.99
352,6634.947596,11779.20713,0,403.4523621,9.469999847,no,0.857806087,6981.858381,4.26
353,2130.460632,5432.526798,1,256.4542542,16.08700109,yes,0.901294231,3214.444665,18.69
354,86.5709821,18.07900051,0,4.166346073,0.772999992,no,1.260721207,51.07554138,7.89
355,122.8269815,52.71400563,4,41.91235733,1.123999952,no,1.622234583,74.38044969,28.57
356,330.4620444,292.6159918,11,231.7912292,2.614999938,no,5.412039757,901.3146912,38.2
357,8782.001261,6312.999574,313,3088.457275,29.50000268,yes,4.146560192,27555.85771,74.78
358,625.067134,241.800942,3,0,4.42500034,no,0.757623196,362.6708087,63.3
359,1050.276817,473.8760987,14,620.5814819,9.499999556,yes,1.341901422,512.3895612,45.99
360,51.23800162,44.01000146,0,12.37277603,0.467999992,no,2.435229063,162.9641402,16.9
361,50.0719977,47.44500347,1,18.0262413,0.293000028,no,3.062449217,139.3763927,0.22
362,62715.97381,47503.99029,1220,26377.69531,256.2069967,yes,1.318953395,36086.85011,37.4
363,1188.644983,610.6291054,35,340.7238464,4.370999924,yes,6.788188934,4517.759592,56.76
364,478.0299765,93.56199705,1,51.20949936,2.099999863,no,19.50649071,5294.126186,64.47
365,2224.709725,375.729954,0,12.79843521,8.390000874,no,0.692051649,342.6302242,53.9
366,13684.99808,15963.00378,46,402.7752686,72.49999567,yes,0.740982056,10295.08468,57.64
367,281.7320387,236.7679608,7,52.31506729,2.970000175,no,1.253085375,271.618171,37.96
368,365.4570624,100.0929852,6,23.47836304,3.040000055,no,2.43492794,421.2615496,22.69
369,147.1230206,65.38501365,4,80.23827362,1.077000022,no,1.231090784,41.32742753,25.07
370,175.2729797,155.7999819,2,16.62499619,1.299999966,no,2.330815792,366.506063,66.65
371,37.6440004,20.57299772,7,19.56760025,0.456999978,no,2.601055384,63.41059895,18.51
372,235.3970517,82.59999096,1,0,2.140000162,no,2.400911093,211.2570217,26.09
373,123.0340196,34.71600014,0,17.64850807,1.324000017,no,1.530988336,59.28189817,28.28
374,6181.69746,2367.000124,15,344.3612976,50.10000035,yes,1.399462104,2357.165036,58.15
375,14138.00092,6783.001797,161,4939.259766,81.59999843,yes,3.854879856,30679.54056,55.2
376,217.7069954,80.28899114,0,23.18924522,2.025000088,no,2.317459583,190.7262652,41.44
377,914.8480728,218.8910513,0,0,9.000000357,yes,3.356747389,935.798919,62.82
378,566.0379887,202.1230185,1,28.28773117,3.693000094,no,1.255859613,452.2294233,29.14
379,109.0979865,37.81500293,2,9.129925728,0.86000001,no,6.376184464,405.6059253,71.02
380,792.5100846,175.770045,6,65.3684082,5.362999721,no,0.993716061,255.5785982,33.3
381,168.722985,78.74097993,0,8.455313683,1.506000027,no,1.704795241,246.8800398,18.92
382,6295.40201,4272.50179,3,222.8361511,16.14999849,yes,4.004229069,13752.90083,69.73
383,598.4958974,402.4279824,19,78.33273315,4.849999771,no,1.073952317,390.3213771,65.9
384,44.92800593,12.28600146,4,7.703285217,0.425000004,no,3.123605013,59.51690077,20.47
385,3280.999553,5851.999124,8,87.39616394,5.812000138,yes,0.808941245,2519.314921,68.46
386,127.1090132,73.09698694,1,22.84840202,1.08000004,no,1.115332842,50.09626178,36.06
387,66.06798704,24.88699692,1,1.979808807,0.595000027,no,0.611619651,8.809245139,15.85
388,516.1399476,274.8900377,12,2.161940575,4.199999735,no,3.232425928,1022.884417,53.23
389,123.3180027,68.74200975,3,44.82778549,1.204000004,no,2.262479544,82.28734138,24.65
390,722.4000967,336.8190174,0,25.27318192,7.729999479,no,,658.5285507,23.14
391,6972.901899,6372.800145,82,757.90625,42.13100497,yes,1.600347519,8877.651953,63.61
392,67.18800508,17.49900032,0,8.731221199,0.507000028,no,0.649825752,23.79612524,9.68
393,89.30200543,51.45700197,1,14.27735519,0.795000022,no,1.255917549,61.49457358,21.72
394,185.5379511,107.1470259,3,74.1710434,1.659999962,no,1.636538029,100.6677956,42.79
395,385.3750273,375.8829895,1,78.13796234,3.496999941,no,1.659651637,410.7935287,51
396,32.7480039,11.03400013,0,1.697107077,0.158,no,3.57686162,35.79945236,13.1
397,149.5619867,7.668001105,2,0,0.291000009,no,3.381958008,160.3293243,20.86
398,9509.826484,5895.017792,20,1337.305908,24.00000061,no,1.454616427,9361.086795,0.17
399,118.0969987,56.06999594,1,10.60925865,1.289999962,no,0.945915163,101.6651481,43.9
400,140.8799912,42.54499369,6,76.38998413,1.034999967,no,4.956843853,248.2824224,54.03
401,272.6070205,93.86899668,1,0,1.904000044,no,1.346431613,104.8166986,40.61
402,521.200098,157.0050157,0,0,6.66999989,no,1.166875005,245.2127539,63.64
403,1494.490685,1866.582771,0,41.34183121,7.400000757,no,1.309607387,1626.830875,14.87
404,398.3579372,35.91799805,5,0,0.797999982,no,2.638094187,383.7216103,14.67
405,265.0379664,82.17602102,4,136.9978943,1.63999998,no,5.006264687,650.0181181,87.75
406,301.455945,155.0010295,1,11.31734276,1.861999988,no,0.507754326,66.76844081,43.84
407,630.6268983,249.8010227,0,0.121845707,5.00000015,no,4.473667622,923.9074005,50.54
408,24.34999938,5.262999733,0,14.33001041,0.173999993,no,4.60430336,42.54806729,43.37
409,37.83100034,10.81599986,4,18.43287468,0.233999996,no,3.311571121,40.01746702,14.2
410,804.8981839,204.4559511,10,28.97072983,9.36999971,no,3.366238356,651.3789936,20.11
411,152.5070329,34.44900005,3,13.1206913,0.499999999,no,2.80309248,143.7953946,44.35
412,9.223998976,4.831999711,2,4.234157085,0.049000002,no,5.742296219,34.28321272,11.62
413,13.82800153,7.008000042,0,2.698686361,0.059999997,no,1.441369295,8.243714701,9.16
414,1526.700199,571.1998907,3,25.15017319,12.99999892,no,3.145911455,2143.458723,55.11
415,205.6159744,65.46400404,9,66.05329132,1.350000035,no,2.866407633,294.0958109,25.46
416,13.21600096,0.057000007,3,0,0.006,no,20,1.971052703,1.53
417,6452.398881,6566.497039,183,4005.810791,32.69999814,yes,2.931330681,18481.77034,57.66
418,284.3249784,69.80499749,7,57.20592117,1.174999944,no,2.976835489,355.1289167,41.88
419,8289.754635,485.8670469,0,0,11.89000054,yes,0.169103965,4687.375621,70.75
420,69.61901267,79.25799735,1,0.156592429,0.736999985,no,0.719496846,22.50317749,38.06
421,102.1440203,22.47200061,0,4.665263176,0.486000003,no,3.11735034,149.2202002,56.82
422,150.8670381,57.96999541,11,47.89016342,0.871999973,no,20,1095.267109,79.86
423,5.418000465,25.23999988,9,68.22319031,0.187999983,no,6.653773785,166.9864664,44.2
424,130.081007,75.64798565,0,9.008630753,0.869000015,no,5.055538177,256.9726723,24.1
425,160.7120352,76.65899215,3,21.01749992,1.979999963,no,1.777581215,313.991915,0
426,3474.158753,1557.386344,91,763.0214233,32.29999704,yes,2.380792856,3251.054784,71.37
427,612.6119872,280.5900488,12,109.6113663,3.952999919,no,5.121842861,1382.096872,40.25
428,332.4999372,274.7000406,2,0,1.682999987,no,0.880894303,171.7786717,53.74
429,689.551084,1315.668025,1,4.860527992,3.499999808,no,1.379039288,1212.151905,40.56
430,4008.732222,1926.978104,12,552.0558472,32.60000025,yes,1.0960989,3322.883532,60.54
431,2511.300589,2786.300042,0,0,12.99999892,yes,2.213062286,4832.554337,52.56
432,72.56301084,21.56399732,0,0,0.60000003,no,0.965457261,23.62599984,22.7
433,718.81211,750.1860735,91,312.3720398,3.369999692,no,1.724155068,839.3844929,53.6
434,172.9319754,82.45600051,0,131.5715027,0.93000001,no,2.056525946,160.9640502,30.21
435,1525.50022,1089.106119,30,425.4679565,4.612999661,no,,2416.172318,65.08
436,862.0720533,789.7799483,0,0.159357831,4.769000051,no,0.829759121,570.519101,69.44
437,157.4309801,84.34101946,4,22.51980972,0.944000004,no,2.895262718,187.9340563,59.47
438,3850.001656,2545.000292,1,0,2.282999972,no,2.252955198,2026.604772,34.75
439,150.0259783,60.47900938,5,33.57471848,0.741000003,no,2.027981758,98.6380303,40.01
440,339.8899417,251.9420557,2,135.5367279,3.931999736,yes,1.136772037,237.4242518,37.93
441,792.3989903,983.6472034,1,0,4.285999824,no,0.641236961,644.1221328,31.32
442,1512.164951,428.7299593,5,65.88193512,17.60000069,no,0.898416042,487.3185976,78.95
443,278.5579938,168.0950111,4,10.31062222,1.79999991,no,3.134367704,312.440587,62.16
444,2566.600412,2341.799895,0,0,5.676999842,no,1.330543637,2094.374723,75.16
445,2818.000321,1204.000173,0,1551.288696,9.826999026,no,2.247051001,5251.539498,14.25
446,3886.000525,1683.359715,12,7.222307205,45.00000314,yes,1.960430503,6013.304887,64.84
447,187.7010254,129.0540002,0,15.08824062,0.82599998,no,2.480625391,281.937251,63.26
448,2704.448307,556.0069277,15,283.9575195,21.00000181,yes,5.470307827,3991.653026,74.5
449,1152.61491,252.9079887,27,325.8744202,6.399999868,no,2.383644342,397.970434,31.34
450,786.7001378,3368.799041,2,44.81854248,2.571999958,yes,1.126590848,1750.57824,56.5
451,2031.100428,2173.099771,4,68.71201324,12.5399997,no,0.411551446,993.6858099,17.6
452,2987.053624,1447.691097,15,213.5849915,20.95100253,yes,1.219859242,2042.511317,43.62
453,1556.565965,754.8220378,1,56.17157364,8.600000377,no,1.954327464,2002.390577,50.86
454,14474.00551,5283.000081,24,2910.111572,70.01601375,yes,0.508715689,4474.367591,37.44
455,4790.298799,4460.899632,29,190.8910065,19.60000205,yes,0.869493484,3097.669763,77.63
456,253.9970166,113.1829814,4,112.6305923,2.249999947,no,3.10974431,391.3196951,58.86
457,68.00599813,30.58100068,0,14.73881626,0.512000021,no,0.256238848,6.561478312,4.96
458,32.10399736,8.995999391,1,6.392016411,0.136000002,no,6.625994682,96.48489641,46.94
459,7.188999864,0.472000001,0,8.235891342,0.016999998,no,5.051753521,179.877746,23.87
460,1390.921728,609.9449468,115,555.1154785,9.856000464,yes,8.488693237,4650.991319,67.71
461,123.5860218,41.1969997,3,26.30502319,0.958000006,no,,156.2877972,35.63
462,10498.1971,7172.802757,157,4888.430664,47.09999936,yes,2.799107552,45831.4629,0
463,16588.18415,3184.299437,0,0,41.89999715,yes,0.136842415,9109.708093,61.31
464,14.25200084,11.46800119,0,2.47847867,0.121999997,no,1.820449114,21.03267147,43.5
465,215.759033,113.4500149,10,43.53166962,2.50000007,no,4.521396637,387.2484168,0.24
466,828.2701512,828.6150143,75,166.3733521,4.899999909,no,4.106737614,2275.712926,57.21
467,3752.998652,1180.999871,66,1183.060547,14.43000007,no,20,26386.27355,34.51
468,121.5500206,33.44900114,0,3.991317511,1.021000027,no,0.646846175,32.34061411,4.94
469,953.1999163,454.8939244,7,117.4005585,6.452999793,no,1.795843005,640.5761537,53.28
470,445.3660389,357.9659431,14,272.1566772,3.664000171,yes,4.25972414,1190.997219,68.99
471,429.220064,306.6909517,2,101.2863541,4.599999936,no,1.088881373,273.8744925,41.24
472,47.78799986,23.24900113,4,10.67806911,0.286000001,no,3.556034803,75.37138922,38.29
473,952.8091083,3604.067624,0,0,2.899999998,no,0.877042115,2073.39151,10.56
474,669.5530455,346.5860678,8,46.50336456,6.818999648,no,2.461799145,811.0861468,35.61
475,8.784000218,23.43199893,4,54.27205276,0.204000007,no,9.37836647,216.6372667,42.21
476,859.2829569,854.1768723,100,194.4176788,7.670999929,no,3.991797924,2081.819208,20.28
477,544.8899455,1943.428347,0,0,4.114000074,no,0.972151279,1980.982418,32.91
478,11885.61705,10068.56604,0,1777.239502,32.77399834,no,0.121943273,1991.743208,0.21
479,293.6800254,237.3770468,8,89.43906403,2.823999788,no,0.361328006,62.63972575,28.42
480,88.05898198,50.68800123,1,47.17338562,1.146999952,no,1.006168127,34.51607744,34.92
481,244.8210124,318.3180477,0,0.184577838,1.297999964,no,1.139144063,265.2012996,49.72
482,16962.99623,9707.004598,956,5545.383301,120.0000067,yes,3.31666708,27327.10501,77.4
483,189.4990122,76.63300676,5,52.88304138,1.447000034,no,2.078809261,144.945864,54.25
484,73.75700729,44.43699706,0,3.551712513,0.82499999,no,1.869398236,43.46673884,28.06
485,1636.668095,3729.980509,0,0,1.802999937,no,1.027490735,1905.730899,59.56
486,120.5129943,58.86801078,17,46.88491821,0.847000007,no,2.114358187,207.4005499,72.96
487,245.1359452,105.3070009,0,0,1.608000051,no,2.651760101,298.9177971,33.56
488,1389.399755,1129.899917,74,258.2994995,6.80199981,yes,3.290425062,2747.824527,61.49
489,46.56000323,15.58100065,0,14.01480293,1.14999998,no,0.58172375,23.21663596,14.36
490,555.6660818,164.741999,0,62.6259079,4.01100001,no,1.442667842,184.6804392,58.52
491,118.5800234,12.99299916,1,0,0.61900001,no,12.81668091,375.3333197,43.35
492,2295.399641,1765.600044,157,1324.625244,22.29999828,yes,2.63914156,2530.012346,69.74
493,1804.821738,724.0381703,1,0,22.20000271,yes,1.703557134,1343.774885,54.43
494,208.2539959,148.7980031,0,17.49446297,1.248000017,no,0.628198028,45.58479043,45.34
495,2418.800582,3296.791978,0,51.16155624,9.490000421,no,0.328148216,682.8701483,12.11
496,679.9870445,177.9990039,4,0.103755251,10.37800125,no,2.993384361,533.544737,38.22
497,218.1859854,67.82800835,6,80.16539764,1.797000055,no,6.161316872,404.2799648,71.14
498,3.676000296,6.264999951,8,54.59375763,0.067000008,no,20,113.5353041,3.15
499,215.5579926,95.83799977,1,110.0382919,1.598999965,no,2.322769165,268.6144224,67.26
500,281.7030227,82.72600641,0,10.25975704,0.842000008,no,6.320424557,525.1086102,25.58
501,115.0879964,35.72200201,2,27.97224617,0.746999987,no,1.617670298,65.41276797,32.54
502,634.2941089,1317.085993,1,0.18463859,2.369999836,yes,4.143615246,4227.133588,35.02
503,84.14699519,39.20600477,2,23.85962868,0.61900001,no,0.673143685,39.19236922,46.22
504,1673.900221,2884.099676,3,0,3.499999808,yes,1.009893417,1894.176212,49.65
505,3789.669547,639.0851549,13,83.70745087,9.499999556,yes,4.180272579,4592.397586,49.11
506,807.3390414,765.6700722,0,117.3592377,3.199999928,yes,0.792770267,672.4076204,14.7
507,157.2050347,33.67799812,18,53.7559967,0.884000003,no,5.427473545,174.9334028,49.42
508,88.44601015,146.5999744,0,5.091012001,1.765000015,no,0.700564742,78.47829234,31.99
509,461.5569313,146.9389823,29,88.25463867,3.101999976,no,5.247658253,1065.23387,22.35
510,8280.083672,10950.55648,18,645.0675659,32.45500225,no,0.772837698,6114.936397,12.19
511,5063.000569,2788.999759,46,1012.453125,29.79999906,yes,1.144723296,1943.799988,62.14
512,20.78800018,8.048000761,0,12.12649536,0.165999991,no,4.204470634,24.4000651,6.44
513,1863.665669,2096.572963,51,986.4117432,11.64799884,no,2.088890076,3917.834861,5.16
514,2253.738106,1820.987905,1,0,5.900000358,yes,2.928188562,4906.882117,68.86
515,219.5619586,91.37302242,5,32.35874176,2.61999991,no,1.980677247,303.8673806,11.57
516,8115.999474,22427.9999,14,190.0710907,19.86000243,yes,0.636246145,10587.30829,40.58
517,249.5489848,87.51000419,4,93.67891693,1.567000041,no,4.922434807,426.9298202,49.31
518,94.18400942,76.42799154,1,7.408160686,0.82499999,no,5.564152241,553.469394,23.72
519,163.4460152,319.3620697,1,0.071986131,1.389999992,no,0.406951517,79.41291153,45.09
520,42.57299901,23.70299691,1,3.147744417,0.31099998,no,1.270481348,14.70829986,5.12
521,2423.000198,2509.000084,79,313.6567993,12.43799928,no,0.686101496,1057.067639,49.73
522,455.6689537,227.2899729,0,0,5.466000204,no,0.635839105,161.8051574,33.15
523,123.0130186,110.5960064,2,36.9490242,1.106999996,no,0.921487808,66.7779928,27.23
524,158.0229579,68.16998829,1,29.53552818,1.79999991,no,1.209812284,101.83637,36.21
525,190.1859978,85.63301157,3,48.0305481,1.123000027,no,,326.9138542,30.5
526,55.35100207,92.87400606,0,0.257988691,0.309999997,no,0.836157322,54.99051213,12.61
527,0.446999992,9.319000921,1,28.3244915,0.077000003,no,7.106067657,87.61605758,15.7
528,635.0119381,109.6700059,5,58.03796387,2.200000073,no,0.617836177,84.28485511,28.11
529,1034.599916,579.0998938,32,241.3347321,8.072999164,yes,0.843232036,389.4780504,83.02
530,3534.999124,2485.899619,12,154.7672577,28.89999822,no,0.990750134,3216.999269,42.41
531,3541.501472,734.4998257,7,110.3508072,11.80000074,yes,3.140955925,2200.531163,43.35
532,195.552957,81.21898993,5,40.26306915,1.59699999,no,1.670527101,126.9881531,33.54
533,36.76500011,7.15999951,0,20.27976036,0.247000004,no,1.7418,533.056,0
534,687.2218367,544.0020724,34,144.7168274,6.300000466,yes,3.771590233,2067.067752,61.31
535,208.4099603,105.9230168,0,0.055657458,1.539999966,no,1.667520523,119.0486737,34.14
536,100.8009936,611.7919822,0,0,1.784000077,no,2.608259439,423.8739369,45.14
537,2489.322949,1569.348871,13,164.1181335,25.64600032,yes,1.239722013,1711.776891,69.52
538,138.8469847,54.00999493,0,2.239510775,1.477000009,no,3.508846998,221.1923296,32.82
539,20100.99335,5818.997783,0,0,192.9999765,yes,1.478525877,13433.43123,74.12
540,1328.180231,621.6168665,1,36.19131851,8.300000058,no,0.896366417,672.3967191,71.01
541,25020.69527,14250.00096,20,569.5338745,423.0000686,yes,2.09596014,39468.66889,56.7
542,351.779041,288.3670539,11,73.96277618,2.012000063,no,,471.130289,39.57
543,7477.700436,4300.700861,94,3704.821533,40.50000314,yes,5.133918285,23544.79197,60.7
544,2595.891485,4178.172873,0,83.70806885,14.79899946,yes,1.208821654,3655.952912,72.1
545,17.80900091,7.044000159,1,4.626150608,0.145999997,no,1.271241903,12.82204937,1.67
546,1343.437245,789.8488684,25,408.816925,4.807000279,yes,3.453009605,3114.578134,52.4
547,3542.879735,2612.035582,100,509.2284546,32.53900482,yes,1.503159881,8048.348842,73.56
548,354.3469263,97.74398716,0,0,1.986999988,no,0.716041327,65.48292347,38.57
549,650.1049107,160.1009751,4,79.91801453,4.799999978,no,1.745777011,478.0459327,62.68
550,722.6598716,108.8449853,0,0,4.000000015,no,0.749810278,206.8870249,45.66
551,47.83399494,27.58400144,1,0.557247579,0.325,no,0.767546356,10.36056461,0
552,68.14099912,31.07999751,6,29.72302437,0.727999987,no,1.164732814,78.02002635,34.73
553,76.32401555,27.1580022,2,5.86706686,0.61900001,no,1.770008087,41.90478251,28.7
554,1368.854145,2619.604315,0,0.654614866,6.99999963,yes,0.963048756,1894.68479,39.33
555,5753.898061,6041.897218,67,1233.21814,31.39999901,yes,2.170547724,8619.512354,49.43
556,241.7610516,78.67901485,0,35.45301056,1.424999956,no,1.274492145,99.46841576,40.75
557,2438.000478,4731.998414,48,229.9125061,16.7660013,yes,1.101338983,3088.00112,57.84
558,420.4000831,245.1000626,3,23.94311905,3.992999979,no,2.306219816,468.3604115,48.17
559,3097.300514,1606.40021,2,191.9439392,23.89999934,yes,1.976485729,2722.558949,67.67
560,2244.900232,1907.800276,47,912.0269165,12.048001,yes,1.209690571,1667.218477,74.24
561,107.4189738,39.3980024,1,62.72511673,0.839999972,no,0.985602081,28.82329406,32.95
562,30433.01128,14876.99891,244,4129.058594,103.5000056,yes,2.203356743,37835.82978,43.6
563,309.2549895,158.9609904,15,104.307106,2.700000074,no,1.524980664,263.5011096,64.65
564,195.0040383,107.075981,2,55.26553726,0.86500001,no,1.552575946,157.2287992,48.65
565,5730.602183,2059.199499,4,282.9004211,20.20000207,yes,2.508297205,5606.326239,51.75
566,759.1658527,571.6789167,0,0,4.177000164,no,0.87234211,387.5450854,33.05
567,168.7080214,89.22700655,22,130.8336487,1.26199997,no,20,2211.443518,17.52
568,616.1450571,459.1539107,0,0.026261432,2.536000076,no,0.992981076,374.8580899,72.01
569,2131.05399,158.6750328,28,248.0009918,2.98400005,no,,776.6073512,73.42
570,121.786029,42.99599483,0,5.286328793,0.986999989,no,1.035788417,101.3057892,47.06
571,5915.398697,2927.499808,17,380.5016785,38.20300039,yes,1.530745387,5087.729333,45.22
572,121.4679776,35.7789992,0,3.783257723,1.434999941,no,2.516755104,99.82040026,43.21
573,1385.730287,1021.343803,50,644.4036865,10.77200096,yes,2.272339344,1758.725847,73.66
574,169.4899958,48.58200027,3,22.7665081,1.195000051,no,1.741865993,107.3579353,57.6
575,9201.194088,3590.331691,56,1614.155029,63.79999651,yes,1.602341056,9488.80902,69.74
576,230.5780526,88.4760012,0,67.31987,1.682999987,no,3.580959082,269.2735885,59.96
577,121.363997,14.37500058,3,1.885503411,0.675000016,no,2.898941994,122.3703541,20.68
578,2893.899788,219.6260415,6,0,4.699999865,yes,3.892441988,2669.599455,64.53
579,219.8829795,111.2609982,1,0.136801779,2.400000128,no,2.534103155,286.1319685,56.6
580,25.54999964,20.10400131,2,94.17787933,0.301000013,no,5.74868536,81.35659159,16.58
581,15.61299932,5.55500006,1,10.13092899,0.145999997,no,1.536885381,5.980929597,11.18
582,22.76399781,10.7230002,0,4.074604034,0.199999994,no,5.980998039,129.1859429,40.78
583,5269.19819,6093.100927,10,218.1158905,28.99999745,yes,0.706785798,3556.96666,74.45
584,696.9660614,247.2619883,0,62.63719177,5.636000112,no,3.058579683,812.2515055,65.84
585,4019.401165,1958.599864,47,1757.804077,22.29999828,no,2.20443058,5669.237273,15.8
586,85.05700722,44.77700075,0,10.28623581,0.615000001,no,2.671772242,101.6364534,42.16
587,379.9059656,62.73101197,0,15.0167532,3.103000042,no,1.088299632,62.96935756,8.31
588,58.67100587,43.50900009,5,9.091432571,0.479999982,no,1.452528358,38.14609769,19.17
589,123.167971,91.07800761,7,46.99729156,1.103999975,no,1.750764489,89.50130074,34.81
590,3278.000209,3696.001462,121,1012.980286,12.98500008,yes,1.677096605,4424.163172,66.95
591,1175.152061,496.4519143,2,1.537669182,6.50000022,no,0.21648854,165.0374737,54.03
592,105.1920227,70.73700396,1,2.51796031,0.802999972,no,0.61175549,31.57292886,16.33
593,1960.206888,1081.080049,9,104.1962509,11.97799918,yes,6.36528492,5925.008094,43.48
594,48.33399795,22.65799936,1,4.67429781,0.488999981,no,0.665479243,25.82485215,19.13
595,4217.031126,5697.540988,6,0,37.94899817,yes,0.869619548,3166.74981,77.12
596,795.5079388,881.1379853,5,0,6.599999564,yes,1.364674091,1098.536652,51.91
597,106.3699937,24.48399755,0,1.892502666,0.861000007,no,1.068525195,27.75470196,12.98
598,14580.00223,4842.002143,5,6.165978432,138.0000052,yes,2.306564569,13152.84179,45.9
599,1122.889085,408.1580092,0,0,2.243999947,no,1.080400109,453.3469534,32.42
600,4341.298947,2838.899838,46,2219.209961,21.60000072,yes,5.189040184,14097.46169,58.42
601,6705.467263,8174.351273,70,2348.161377,48.00000132,yes,2.933766842,15310.99979,52.53
602,730.6318739,122.4450074,31,234.4372253,3.600000041,yes,5.484521866,1280.418828,73.71
603,265.0360707,67.08700201,31,53.45236969,1.847999999,no,7.252757549,574.5360422,72.25
604,1697.099719,359.1290426,1,145.9010315,10.81100085,no,0.875012875,496.1374042,73.52
605,4748.901838,7411.89886,5,354.9632874,25.89999814,yes,0.802657485,4240.433599,66.71
606,3043.604338,847.2778773,46,507.8697815,43.00000318,no,1.445123434,1150.423504,62.19
607,50837.49956,9592.597135,1,0,358.9999463,yes,0.342205137,21385.03349,60.1
608,32.98000096,26.07500075,0,40.69778442,0.160999998,no,3.030897141,31.70796034,17.61
609,21.29000157,11.39699913,0,3.695418835,0.340000014,no,1.222780347,10.35312225,4.95
610,487.3190623,194.6709712,10,59.49999619,4.000000015,no,6.748515129,1605.590762,87.08
611,1696.967818,1029.76423,5,104.2066956,10.24999954,no,0.24666521,334.4897829,35.21
612,2320.809809,875.4260264,3,0,21.70600166,no,2.862973452,2662.783809,62.1
613,153.5269957,54.22300002,0,0,1.735000063,no,2.118965626,137.9111991,38.25
614,82.10199553,54.70601293,4,10.1166811,0.963,no,1.386955738,43.48055529,35.97
615,2949.302831,838.7539363,11,101.3320465,17.24100016,yes,3.280681372,3364.301002,59.26
616,51.89699819,52.84099458,1,0,0.565000012,no,0.426143199,16.95394185,22.65
617,739.4350579,425.5359762,5,0,5.110000383,no,4.250124931,2541.911254,58.11
618,1091.199975,288.5230257,33,382.5375366,3.742999891,no,7.10529232,2650.520034,65.84
619,170.2820092,156.4490008,21,81.12382507,1.210999968,no,0.783739984,71.48406133,2.72
620,262.4849554,195.8950057,0,4.619477749,1.767999983,no,2.045089245,267.6085351,66.51
621,1193.869767,823.7858289,3,70.26091766,10.80000034,no,1.305505872,786.3565957,2.8
622,309.0680613,80.96000204,3,50.25126266,3.400000253,no,1.259892344,164.8407724,18.88
623,220.7120018,201.5570031,14,81.00566864,1.750000005,no,2.316028595,359.8934412,64.89
624,1193.12481,451.8690173,3,96.50900269,9.000000357,yes,3.068840027,1714.321364,67.26
625,1741.146959,4400.288024,0,0.156355023,2.230000022,yes,1.152574658,3218.450746,66.5
626,1947.2241,1315.696256,15,73.27581787,16.47199998,no,1.657513261,2231.870118,31.47
627,544.8000539,870.0530708,0,0,2.650000066,no,0.815941155,651.2855092,59.19
628,233.0519804,53.19999964,2,13.78226662,2.299999964,no,0.626759827,43.59645225,24.63
629,20.13499863,20.21799805,2,1.76952517,0.175000005,no,1.67948091,10.59129628,10.54
630,2022.816319,1195.842818,1,0.618458807,20.49999911,yes,0.811551571,705.7188835,39.54
631,319.0940106,180.1720142,2,36.86413574,3.678999775,no,0.48369655,99.10056469,53.47
632,1530.005924,635.3199576,10,542.3175659,12.9000008,yes,2.29968214,1730.392952,49.22
633,1042.014058,202.1790229,1,0,9.059999858,no,0.252282888,143.7942975,30.25
634,322.5750158,96.1080042,4,84.30867004,0.727999987,no,3.779813766,261.652071,23.19
635,763.7961206,377.5640182,9,62.11816406,9.029998715,no,1.651712656,609.3774826,58.57
636,722.1200991,292.6630172,5,45.87289429,5.768999946,no,,632.5899512,72.49
637,506.312112,207.4210224,3,0,4.699999865,no,1.549490809,335.7104034,38.57
638,2273.100314,1119.000008,19,78.62394714,18.98800309,yes,1.900412917,2114.82695,47.94
639,174.8009903,103.1849745,0,16.15544319,2.503999907,no,1.39548111,182.1668732,23.58
640,438.8250101,377.4389135,2,61.75119019,1.302000062,no,0.730375648,169.2331857,22.95
641,981.8922178,208.6610399,0,1.844171166,3.401999838,no,3.058828115,1663.504443,62.34
642,252.6419735,65.96199929,0,40.36850357,0.721999996,yes,12.9782095,1307.798844,49.81
643,5059.602478,5324.597656,5,0.287500411,28.99999745,yes,0.700975597,3902.925421,54.11
644,262.0500007,366.6450265,9,0,6.00000013,no,1.242063046,439.9488534,32.86
645,1404.751664,866.5961765,50,640.8122559,10.10000102,no,1.572568774,1459.559712,49.12
646,513.6800051,238.3280465,2,312.0556641,2.609999863,no,5.130004883,802.2152601,83.04
647,557.3349303,125.3409969,15,115.6319962,3.227999907,no,7.392206669,1453.667704,66.17
648,21.83999879,8.143000065,0,17.42166901,0.180000017,no,0.306181222,3.165373418,13.61
649,194.1989654,83.26498101,3,5.948625565,1.719000027,no,6.780919075,355.7914789,35.94
650,31.01800027,24.06800028,0,6.124318123,0.199999994,no,1.44983685,10.38714784,26.27
651,1065.922863,228.4830004,0,66.56360626,10.50000088,no,2.616021872,1760.136982,19.78
652,1383.100288,1048.399954,52,563.5912476,9.299999293,no,1.326628923,1493.796745,71.91
653,4308.607548,775.0380616,63,1453.78125,13.25300058,yes,5.006112099,3216.483891,73.89
654,319.1959714,84.83301504,9,23.88267326,2.625000055,no,2.257531404,417.0372175,52.53
655,17.58099812,137.5730101,0,0.02269558,0.203,no,5.623668671,554.2231195,6.89
656,393.0330254,247.1740478,0,15.84741592,3.499999808,no,6.809204578,1366.424919,55.09
657,130.1269774,38.49800392,0,0,2.000000004,no,2.25090909,148.0591006,46.93
658,359.9799433,115.916995,32,58.75098801,2.089999905,no,2.981677055,462.5060427,65.03
659,260.6650465,49.3759947,0,1.33149159,2.088000084,no,5.308580399,246.3536799,57.83
660,43.66800224,12.42199911,0,27.67009163,0.225000001,no,2.106806755,32.84460282,24.7
661,2122.999876,1643.5001,15,1580.087891,10.30000131,yes,2.40955162,4170.966939,27.17
662,140.1219992,53.66200001,2,4.972943783,1.016000033,no,1.110867262,50.05161158,55.39
663,324.2000055,132.2370137,5,24.29716682,2.607000057,no,1.028743863,185.5544959,10.51
664,611.4650457,275.3490617,2,67.19585419,3.600000041,no,7.48967886,1801.684117,73.79
665,2030.96,1149.610818,20,1285.425415,9.96299962,yes,1.655886173,1471.39793,67.12
666,100.4569992,45.72900078,2,0.024701376,1.047999978,no,1.759472728,64.43242429,32.18
667,1314.200196,653.5001222,14,123.2167358,12.60000096,no,1.842002153,1076.031221,39.36
668,1318.003873,653.7089363,57,1046.780762,8.468000099,yes,1.765058517,913.259818,70.21
669,83.22199285,38.16600217,0,51.51434326,0.441999994,no,2.515627384,84.46771743,51.72
670,666.796113,382.8100269,15,0.444424003,8.000000046,no,1.485271931,672.1053353,52.22
671,320.4629944,144.2060104,0,171.150589,2.369999836,no,5.524094105,1079.704028,66.48
672,295.9929838,90.01301074,2,79.92837524,1.649999983,no,1.337016225,206.0023415,43.52
673,221.0020333,111.1309874,0,56.06018829,1.707000041,no,3.008808374,245.5222197,67.73
674,554.7339325,380.1819623,8,344.4308167,4.000000015,no,3.682696819,1052.977652,72.37
675,33244.9861,33148.99572,138,1230.342529,32.51400295,yes,0.87608397,19052.3577,58.98
676,715.7608752,870.2787913,0,0.209301412,2.700000074,no,0.695700765,432.2122546,44.11
677,8523.000745,4620.001949,543,2880.986328,59.04799241,yes,1.906406522,6131.783896,75.55
678,9074.599446,2797.099943,29,984.3226929,55.99999068,yes,1.215712667,5493.581855,64.17
679,80.21999336,20.39500022,4,18.26685905,0.554000031,no,5.124630928,516.8608283,11.19
680,1246.618,744.0340299,7,151.5059052,8.800000326,no,2.289571762,2139.942586,58.85
681,11.89000054,3.711999809,2,2.442611694,0.114999994,no,0.896238089,4.610365783,0.16
682,1075.902955,571.2750696,24,113.3059921,8.000000046,yes,1.367504597,1173.931119,74.41
683,450.1489867,146.9230081,2,56.78399658,3.390000143,no,0.619268298,140.2387074,48.05
684,3.933000135,2.003000008,1,9.153963089,0.041000004,no,20,81.69242286,0
685,33.47399573,26.77899795,5,9.237262726,1.006000042,no,1.192788601,23.4261002,1.91
686,418.9180771,79.14500085,0,0,6.69999967,no,3.299128056,615.7635279,23.45
687,1708.7611,2147.649257,5,212.4128418,15.98500014,yes,0.725922108,1094.960583,50.95
688,149.4140065,27.07100168,3,24.9942131,1.374999997,no,1.722623706,39.03925619,14.89
689,172.3059998,80.42900565,1,58.18465042,1.858999962,no,1.437992215,97.65766075,36.16
690,684.3239493,173.3970165,12,127.235199,2.472999993,no,1.747072816,257.6669064,58.78
691,3559.216391,1009.01023,0,6.584163189,2.728999935,no,0.958323061,1117.320491,53.74
692,2921.925547,5686.635339,0,0.490430146,4.583000376,yes,0.648606956,2263.850766,47.7
693,25.57199976,12.56499813,0,2.656530619,0.233999996,no,0.351522714,3.890527788,1.89
694,35.799,57.33701382,1,2.204710245,0.340000014,no,0.678286552,29.29539102,25.12
695,449.208097,323.9329829,1,34.00533295,3.499999808,no,0.965806007,173.7659227,44.51
696,152.8180137,51.72000498,0,58.37680817,1.391000025,no,1.208001018,105.6322379,35.12
697,1952.509834,1201.166825,0,0,9.900000703,yes,2.401446581,4388.315108,50.79
698,311.8550362,155.4689951,1,0.220070958,4.50000017,no,0.493247151,53.62740335,26.22
699,149.4909721,34.78900491,28,100.0171356,0.832000021,no,4.454030037,170.50065,21.57
700,15.7240003,4.435999727,2,11.87746143,0.131999999,no,8.46625042,62.01454331,18.76
701,1784.900173,1069.999863,6,0,14.69999827,no,1.514962792,1604.058751,74.15
702,34.56800203,15.08099965,2,2.741614342,0.317999995,no,,33.72181125,8.18
703,7948.000744,5127.999659,134,2341.849854,61.1999998,yes,1.278780222,4720.864953,53.57
704,139.4029792,105.1540087,4,23.74012184,1.113999965,no,0.520528018,52.45355103,32.93
705,1332.193968,709.6549066,0,0.477249116,6.00000013,no,4.141382694,2416.7012,66.02
706,3120.420232,6287.46404,9,255.5226288,19.12599898,yes,1.000176311,4393.545317,68.93
707,4639.999776,5625.99877,48,1128.852051,13.05100082,yes,0.967459142,3619.913046,46.91
708,7560.998039,17859.99347,1,0,47.12600286,yes,1.270515203,16640.48735,62.95
709,7742.502008,2775.999803,115,3316.638672,48.99999482,yes,1.12496829,3956.512554,26.71
710,1826.794881,380.3850556,1,33.35150909,11.7120001,no,0.918675959,780.3011147,19.35
711,6.98000026,3.439000014,0,1.389454365,0.052000003,no,5.752142906,21.20457797,7.37
712,252.9930231,122.3489996,1,21.16752625,2.299999964,no,0.562200189,66.80245211,26.52
713,21080.99424,9796.002669,308,6360.625488,168.6000166,yes,0.817484796,8496.552172,73
714,86.91499172,79.9800165,6,51.18552017,0.675000016,no,4.179757595,198.6040554,50.2
715,1802.464358,350.3609702,0,1.05720067,3.250000104,no,0.593829572,235.0265948,15.33
716,7261.00185,18389.99339,0,312.8406372,13.61299832,yes,1.163108826,9765.035628,66.06
717,4.427000021,7.804000434,4,48.17668152,0.165000003,no,20,352.6271553,20.71
718,1915.999778,789.9999112,1,109.0650024,11.90000023,no,1.189028144,2065.809454,5.7
719,83.31101047,47.43100156,0,0,0.321000001,no,0.503385425,21.02735167,22.45
720,1037.200097,752.1001487,159,146.4389648,7.599999445,yes,1.503918409,1389.601175,57.29
721,7.29499994,27.77899785,42,40.02453613,0.111999998,no,4.792478561,298.0746106,31.06
722,438.7549176,160.4139779,2,14.06133461,3.983999882,no,1.611465812,245.3191801,32.73
723,693.6780328,207.1679774,0,113.1529999,2.512999999,no,5.003512859,911.814746,60.48
724,191.7669627,92.28801315,1,43.67937851,1.261000039,no,1.442449689,212.4680934,32.19
725,61.83698852,37.81899714,1,0,0.577000013,no,3.565593243,96.06168339,54.98
726,12.77800026,1.869999971,0,6.100862503,0.093000009,no,2.791329622,7.351623752,3.33
727,515.9460456,412.6930616,89,192.0825653,2.658999957,no,1.539957404,402.9838952,31.28
728,18.86000285,19.35799822,1,0.05645993,0.237000004,no,4.263051033,29.00086173,23.98
729,1133.489019,1698.004691,1,32.84345245,6.320000227,no,2.079088926,1811.673085,56.4
730,360.0300692,57.79299644,2,3.621613026,2.065999996,no,3.828525305,419.1030917,63.4
731,273.4630404,118.5519812,14,28.57700157,2.800000107,no,1.631688595,243.2415042,73.95
732,5793.697604,2834.19965,85,2068.69165,35.00000337,yes,3.48489356,9627.386687,68.5
733,286.2900077,167.8569623,6,130.2883301,2.390000142,no,1.794618845,160.5653491,48.44
734,1201.092941,756.9821665,4,45.31716156,6.026000058,no,0.244350478,222.9052658,37.25
735,36.24999776,15.9889985,0,59.37636185,0.143999993,no,10.96677303,72.64623871,32.35
736,842.0640298,584.1680586,3,79,3.600000041,no,1.215127945,716.2825737,70.19
737,1225.230988,351.583006,3,391.9664001,7.32199967,no,0.49663049,154.9927518,43.63
738,9544.789176,11304.50179,18,318.2452698,36.74799905,yes,0.914158463,9731.205581,57.3
739,7533.000266,2836.000355,59,554.6717529,39.58999637,yes,1.240495682,5166.484413,82.23
740,30.91000335,46.13299521,6,6.439110756,0.527999997,no,3.211672068,41.71977141,51.39
741,115.3859861,68.41601388,2,8.311342239,0.800000015,no,1.608466864,118.2480141,54.22
742,2622.237544,3323.232135,0,0.013686836,12.04000096,no,1.32269156,3473.863889,58.48
743,2438.200441,5033.099687,0,0,7.188999864,yes,0.862829626,3875.482393,78.15
744,384.0829685,118.6399745,0,13.49955654,2.770000072,no,2.352206707,236.7640093,15.91
745,2142.555394,1318.145915,6,176.4725342,8.160999628,no,1.411394596,1711.55244,72.34
746,333.1429961,90.6080157,1,0,5.087999959,no,2.025868893,220.911634,40.94
747,89.86398186,50.69200151,1,10.46164513,0.947000028,no,2.855164289,112.6626167,57.68
748,331.1559513,308.7709486,2,79.02693939,3.26400013,no,1.7418,533.056,16.05
749,1285.134229,531.5490395,0,0,7.699998916,yes,3.279547691,1901.754844,46.84
750,1428.503739,550.8769795,23,0.942527056,6.69999967,yes,11.4591713,5461.148478,21.65
751,239.7609514,325.4190744,0,22.69610977,1.853000043,no,0.491250396,88.53263648,20.38
752,17246.00511,6040.998412,650,4851.958984,96.99998714,yes,0.784750342,10346.64085,79.04
753,256.4480273,45.10499982,23,95.02552795,0.689000019,no,20,1216.175662,83.67
754,1253.900196,708.2999353,32,412.9361572,22.10000239,yes,0.697454214,267.1194871,33.5
755,171.8210246,73.66600813,1,0.03773506,1.68400002,no,,228.4757009,46.41
756,202.7269672,123.9269912,13,74.86109924,1.460000059,no,5.229723454,580.4307411,42.25
757,785.6879443,138.7809916,6,0.621750236,2.899999998,yes,1.625397921,309.9386511,61.39
758,22.70199882,14.2449994,5,18.57435989,0.197000003,no,2.213069916,18.94013971,7.5
